Título,Año de estreno,Mi nota,Dónde,Tipo,Plataforma,Vista
After the Hunt,2025,6.5,Streaming,Película,Amazon Prime,Primera vez
Youth,2015,7.5,Streaming,Película,Amazon Prime,Primera vez
Fue la mano de Dios,2021,5.0,Streaming,Película,Netflix,Primera vez
Eden,2024,8.5,Streaming,Película,Amazon Prime,Primera vez
El código Da Vinci,2006,2.0,Streaming,Película,Amazon Prime,Primera vez
The Notebook,2004,7.5,Streaming,Película,Amazon Prime,Primera vez
A River Runs Through It,1992,3.0,Streaming,Película,Amazon Prime,Primera vez
28 Years Later: The Bone Temple,2026,8.0,Cine,Película,Cine,Primera vez
Avatar,2009,8.0,Streaming,Película,Disney+,Primera vez
Parthenope,2024,8.5,Streaming,Película,Stremio,Primera vez
Novocaine,2025,6.5,Streaming,Película,Netflix,Primera vez
Marty Supreme,2025,7.5,Cine,Película,Cine,Primera vez
Botín,2026,6.5,Streaming,Película,Netflix,Primera vez
Wake Up Dead Man: A Knives Out Mystery,2025,7.0,Streaming,Película,Netflix,Primera vez
Babel,2006,5.5,Streaming,Película,Netflix,Primera vez
Los Simpson: la película,2007,7.5,Streaming,Película,Disney+,Primera vez
Why Him?,2016,6.0,Streaming,Película,Disney+,Primera vez
Moneyball,2011,6.5,Streaming,Película,Netflix,Primera vez
Date Night,2010,7.5,Streaming,Película,Disney+,Primera vez
The King of Comedy,1982,6.5,Streaming,Película,Disney+,Primera vez
Troya,2004,8.0,Streaming,Película,Netflix,Primera vez
Dinosaurios,2026,7.5,Streaming,Película,Netflix,Primera vez
Ted,2026,6.0,Streaming,Serie,Stremio,Primera vez
The Lighthouse,2019,6.5,Streaming,Película,Amazon Prime,Primera vez
Hamnet,2025,8.0,Cine,Película,Cine,Primera vez
War Machine,2026,7.0,Streaming,Película,Netflix,Primera vez
Dark Shadows,2012,6.5,Streaming,Película,Disney+,Primera vez
Project Hail Mary,2026,9.0,Cine,Película,Cine,Primera vez
Avatar 3,2025,9.0,Cine,Película,Cine,Primera vez
Pam & Tommy,2022,7.5,Streaming,Serie,Disney+,Primera vez
Darth Maul,2026,7.0,Streaming,Serie,Disney+,Primera vez
American Gangster,2007,9.0,Streaming,Película,Amazon Prime,Primera vez
Balls Up,2026,6.0,Streaming,Película,Amazon Prime,Primera vez
Invencible (T4),2026,7.5,Streaming,Serie,Amazon Prime,Primera vez
Deadpool y Wolverine,2024,8.0,Streaming,Película,Disney+,Primera vez
El Encargado (T4),2025,6.5,Streaming,Serie,Disney+,Primera vez
Nuremberg,2025,8.0,Streaming,Película,Stremio,Primera vez
Diarios de motocicleta,2004,7.0,Streaming,Película,Stremio,Primera vez
Mortal Kombat 2,2026,7.0,Cine,Película,Cine,Primera vez
Al filo del mañana,2014,8.0,Streaming,Película,Stremio,Primera vez
Top Gun: Maverick,2022,9.0,Cine,Película,Cine,Primera vez
The Life of Chuck,2024,5.0,Streaming,Película,Amazon Prime,Primera vez
Attack on Titan,2024,10.0,Streaming,Serie,Crunchyroll,Primera vez
Spiderman Black Noir,2026,5.5,Streaming,Serie,Amazon Prime,Primera vez
Scary Movie,2026,1.0,Cine,Película,Cine,Primera vez
Attack on Titan: The Last Attack,2024,10.0,Streaming,Película,Crunchyroll,Primera vez
The Martian,2015,7.0,Streaming,Película,Amazon Prime,Primera vez
No Country for Old Men,2007,7.0,Streaming,Película,Netflix,Primera vez
Hot Fuzz,2007,10.0,Streaming,Película,Amazon Prime,Primera vez
Shaun of the Dead,2004,7.5,Streaming,Película,Stremio,Primera vez
Obsession,2026,7.0,Streaming,Película,Stremio,Primera vez
The Odyssey,2026,6.0,Cine,Película,Cine,Primera vez
Blade Runner,1982,5.0,Streaming,Película,Amazon Prime,Primera vez
México 1986,2026,7.0,Streaming,Película,Netflix,Primera vez
Little Brother,2026,7.0,Streaming,Película,Netflix,Primera vez
Him,2025,7.0,Streaming,Película,Stremio,Primera vez
Pressure,2026,8.0,Streaming,Película,Stremio,Primera vez
The Mandalorian and Grogu,2026,9.0,Cine,Película,Cine,Primera vez
Untold UK: Vinnie Jones,2026,9.0,Streaming,Película,Netflix,Primera vez
Project Hail Mary,2026,9.0,Streaming,Película,Amazon Prime,Repetida
28 Years Later: The Bone Temple,2026,7.5,Cine,Película,Cine,Repetida
Remember the Titans,2000,7.5,Streaming,Película,Disney+,Primera vez
Hot Fuzz,2007,8.0,Streaming,Película,Amazon Prime,Repetida
Atlantis,2001,8.5,Streaming,Película,Disney+,Primera vez
Dream Scenario,2023,6.0,Streaming,Película,Amazon Prime,Primera vez
The Whisper man,2026,7.5,Streaming,Película,Netflix,Primera vez
The Mandalorian and Grogu,2026,9.0,Cine,Película,Cine,Repetida
Good Time,2017,7.5,Streaming,Película,Amazon Prime,Primera vez
Spiderman: Brand New Day,2026,5.0,Cine,Película,Cine,Primera vez
Avatar,2009,8.0,Streaming,Película,Disney+,Repetida
Super Agente 86,2008,8.5,Streaming,Película,Netflix,Primera vez
Chad Powers Temp 1,2025,8.0,Streaming,Serie,Disney+,Primera vez
Chad Powers Temp 2,2026,8.0,Streaming,Serie,Disney+,Primera vez
WALL-E,2008,7.0,Streaming,Película,Disney+,Primera vez
Normal,2025,8.5,Streaming,Película,Stremio,Primera vez
Cartas desde Iwo Jima,2006,8.0,Streaming,Película,Netflix,Primera vez
Armageddon,1998,6.0,Streaming,Película,Disney+,Primera vez
Star Wars IV: A New Hope,1979,8.0,Streaming,Película,Disney+,Primera vez
The Last Samurai,2003,8.5,Streaming,Película,Netflix,Primera vez
