Título,Año de estreno,Duración (min),Fecha,Géneros,Dirección,Plataforma,Tipo,Mi calificación,Género principal,Vista,Canal,Mes,Rango de nota
After the Hunt,2025,139,2026-01-01,Crimen / Drama,Luca Guadagnino,Amazon Prime,Película,6.5,Crimen,Primera vez,Streaming,1,"5,5–7"
Youth,2015,124,2026-01-21,Comedia / Musical,Paolo Sorrentino,Amazon Prime,Película,7.5,Comedia,Primera vez,Streaming,1,"7,5–8,5"
Fue la mano de Dios,2021,130,2026-01-21,Drama,Paolo Sorrentino,Netflix,Película,5.0,Drama,Primera vez,Streaming,1,1–5
Eden,2024,129,2026-01-31,Suspenso / Supervivencia,Ron Howard,Amazon Prime,Película,8.5,Suspenso,Primera vez,Streaming,1,"7,5–8,5"
El código Da Vinci,2006,149,2026-02-01,Misterio / Suspenso,Ron Howard,Amazon Prime,Película,2.0,Misterio,Primera vez,Streaming,2,1–5
The Notebook,2004,121,2026-02-01,Romance / Drama,Nick Cassavetes,Amazon Prime,Película,7.5,Romance,Primera vez,Streaming,2,"7,5–8,5"
A River Runs Through It,1992,123,2026-02-02,Infantil / Drama,Robert Redford,Amazon Prime,Película,3.0,Infantil,Primera vez,Streaming,2,1–5
28 Years Later: The Bone Temple,2026,110,2026-02-03,Terror,Nia DaCosta,Cine,Película,8.0,Terror,Primera vez,Cine,2,"7,5–8,5"
Avatar,2009,152,2026-02-07,Ciencia Ficción / Acción,James Cameron,Disney+,Película,8.0,Ciencia Ficción,Primera vez,Streaming,2,"7,5–8,5"
Parthenope,2024,136,2026-02-08,Ficción / Drama,Paolo Sorrentino,Stremio,Película,8.5,Ficción,Primera vez,Streaming,2,"7,5–8,5"
Novocaine,2025,110,2026-02-13,Acción / Suspenso,Dan Berk & Robert Olsen,Netflix,Película,6.5,Acción,Primera vez,Streaming,2,"5,5–7"
Marty Supreme,2025,149,2026-02-13,Deporte / Drama,Josh Safdie,Cine,Película,7.5,Deporte,Primera vez,Cine,2,"7,5–8,5"
Botín,2026,112,2026-02-15,Crimen / Suspenso,Joe Carnahan,Netflix,Película,6.5,Crimen,Primera vez,Streaming,2,"5,5–7"
Wake Up Dead Man: A Knives Out Mystery,2025,142,2026-02-18,Misterio / Crimen,Rian Johnson,Netflix,Película,7.0,Misterio,Primera vez,Streaming,2,"5,5–7"
Babel,2006,143,2026-02-21,Suspenso / Drama,Alejandro González Iñárritu,Netflix,Película,5.5,Suspenso,Primera vez,Streaming,2,"5,5–7"
Los Simpson: la película,2007,87,2026-03-01,Comedia,David Silverman,Disney+,Película,7.5,Comedia,Primera vez,Streaming,3,"7,5–8,5"
Why Him?,2016,111,2026-03-02,Comedia,John Hamburg,Disney+,Película,6.0,Comedia,Primera vez,Streaming,3,"5,5–7"
Moneyball,2011,133,2026-03-03,Deporte / Drama,Bennett Miller,Netflix,Película,6.5,Deporte,Primera vez,Streaming,3,"5,5–7"
Date Night,2010,88,2026-03-06,Comedia / Acción,Shawn Levy,Disney+,Película,7.5,Comedia,Primera vez,Streaming,3,"7,5–8,5"
The King of Comedy,1982,102,2026-03-07,Crimen / Suspenso,Martin Scorsese,Disney+,Película,6.5,Crimen,Primera vez,Streaming,3,"5,5–7"
Troya,2004,163,2026-03-08,Acción / Bélico,Wolfgang Petersen,Netflix,Película,8.0,Acción,Primera vez,Streaming,3,"7,5–8,5"
Dinosaurios,2026,200,2026-03-11,Documental,Nick Shoolingin-Jordan,Netflix,Película,7.5,Documental,Primera vez,Streaming,3,"7,5–8,5"
Ted,2026,547,2026-03-16,Comedia,Seth MacFarlane,Stremio,Serie,6.0,Comedia,Primera vez,Streaming,3,"5,5–7"
The Lighthouse,2019,110,2026-03-18,Terror / Fantasía,Robert Eggers,Amazon Prime,Película,6.5,Terror,Primera vez,Streaming,3,"5,5–7"
Hamnet,2025,125,2026-03-20,Drama,Chloé Zhao,Cine,Película,8.0,Drama,Primera vez,Cine,3,"7,5–8,5"
War Machine,2026,107,2026-03-21,Acción / Ciencia Ficción,Patrick Hughes,Netflix,Película,7.0,Acción,Primera vez,Streaming,3,"5,5–7"
Dark Shadows,2012,114,2026-03-22,Terror / Comedia,Tim Burton,Disney+,Película,6.5,Terror,Primera vez,Streaming,3,"5,5–7"
Project Hail Mary,2026,157,2026-03-30,Ciencia Ficción / Aventura,Phil Lord & Christopher Miller,Cine,Película,9.0,Ciencia Ficción,Primera vez,Cine,3,9–10
Avatar 3,2025,197,2026-04-03,Acción / Fantasía,James Cameron,Cine,Película,9.0,Acción,Primera vez,Cine,4,9–10
Pam & Tommy,2022,340,2026-04-05,Biopic,Craig Gillespie,Disney+,Serie,7.5,Biopic,Primera vez,Streaming,4,"7,5–8,5"
Darth Maul,2026,300,2026-04-15,Acción,Brad Rau,Disney+,Serie,7.0,Acción,Primera vez,Streaming,4,"5,5–7"
American Gangster,2007,157,2026-04-20,Suspenso / Acción,Ridley Scott,Amazon Prime,Película,9.0,Suspenso,Primera vez,Streaming,4,9–10
Balls Up,2026,104,2026-04-21,Comedia / Acción,Peter Farrelly,Amazon Prime,Película,6.0,Comedia,Primera vez,Streaming,4,"5,5–7"
Invencible (T4),2026,397,2026-04-22,Acción,Jeff Allen,Amazon Prime,Serie,7.5,Acción,Primera vez,Streaming,4,"7,5–8,5"
Deadpool y Wolverine,2024,128,2026-04-29,Acción / Comedia,Shawn Levy,Disney+,Película,8.0,Acción,Primera vez,Streaming,4,"7,5–8,5"
El Encargado (T4),2025,259,2026-05-02,Comedia,Mariano Cohn,Disney+,Serie,6.5,Comedia,Primera vez,Streaming,5,"5,5–7"
Nuremberg,2025,149,2026-05-04,Drama,James Vanderbilt,Stremio,Película,8.0,Drama,Primera vez,Streaming,5,"7,5–8,5"
Diarios de motocicleta,2004,126,2026-05-05,Aventura / Documental,Walter Salles,Stremio,Película,7.0,Aventura,Primera vez,Streaming,5,"5,5–7"
Mortal Kombat 2,2026,116,2026-05-07,Acción / Aventura,Simon McQuoid,Cine,Película,7.0,Acción,Primera vez,Cine,5,"5,5–7"
Al filo del mañana,2014,113,2026-05-08,Acción / Ciencia Ficción,Doug Liman,Stremio,Película,8.0,Acción,Primera vez,Streaming,5,"7,5–8,5"
Top Gun: Maverick,2022,131,2026-05-12,Acción / Aventura,Joseph Kosinski,Cine,Película,9.0,Acción,Primera vez,Cine,5,9–10
The Life of Chuck,2024,111,2026-05-15,Ciencia Ficción / Fantasía,Mike Flanagan,Amazon Prime,Película,5.0,Ciencia Ficción,Primera vez,Streaming,5,1–5
Attack on Titan,2024,2234,2026-05-16,Anime,Sin dato,Crunchyroll,Serie,10.0,Anime,Primera vez,Streaming,5,9–10
Spiderman Black Noir,2026,349,2026-05-19,Acción,Oren Uziel,Amazon Prime,Serie,5.5,Acción,Primera vez,Streaming,5,"5,5–7"
Scary Movie,2026,96,2026-05-22,Terror / Comedia,Keenen Ivory Wayans,Cine,Película,1.0,Terror,Primera vez,Cine,5,1–5
Attack on Titan: The Last Attack,2024,145,2026-05-24,Anime / Drama,Yuichiro Hayashi,Crunchyroll,Película,10.0,Anime,Primera vez,Streaming,5,9–10
The Martian,2015,151,2026-05-30,Ciencia Ficción / Aventura,Ridley Scott,Amazon Prime,Película,7.0,Ciencia Ficción,Primera vez,Streaming,5,"5,5–7"
No Country for Old Men,2007,122,2026-07-02,Suspenso / Western,Joel & Ethan Coen,Netflix,Película,7.0,Suspenso,Primera vez,Streaming,7,"5,5–7"
Hot Fuzz,2007,121,2026-07-03,Comedia / Acción,Edgar Wright,Amazon Prime,Película,10.0,Comedia,Primera vez,Streaming,7,9–10
Shaun of the Dead,2004,99,2026-07-04,Terror / Comedia,Edgar Wright,Stremio,Película,7.5,Terror,Primera vez,Streaming,7,"7,5–8,5"
Obsession,2026,109,2026-07-06,Terror,Curry Barker,Stremio,Película,7.0,Terror,Primera vez,Streaming,7,"5,5–7"
The Odyssey,2026,172,2026-07-10,Acción / Fantasía,Christopher Nolan,Cine,Película,6.0,Acción,Primera vez,Cine,7,"5,5–7"
Blade Runner,1982,117,2026-07-11,Ciencia Ficción / Acción,Ridley Scott,Amazon Prime,Película,5.0,Ciencia Ficción,Primera vez,Streaming,7,1–5
México 1986,2026,95,2026-07-13,Comedia,Gabriel Ripstein,Netflix,Película,7.0,Comedia,Primera vez,Streaming,7,"5,5–7"
Little Brother,2026,100,2026-07-14,Comedia,Matt Spicer,Netflix,Película,7.0,Comedia,Primera vez,Streaming,7,"5,5–7"
Him,2025,96,2026-07-16,Terror / Drama,Justin Tipping,Stremio,Película,7.0,Terror,Primera vez,Streaming,7,"5,5–7"
Pressure,2026,100,2026-07-18,Bélico / Drama,Anthony Maras,Stremio,Película,8.0,Bélico,Primera vez,Streaming,7,"7,5–8,5"
The Mandalorian and Grogu,2026,132,2026-07-22,Ciencia Ficción / Fantasía,Jon Favreau,Cine,Película,9.0,Ciencia Ficción,Primera vez,Cine,7,9–10
Untold UK: Vinnie Jones,2026,77,2026-07-25,Documental / Deporte,David Tryhorn,Netflix,Película,9.0,Documental,Primera vez,Streaming,7,9–10
Project Hail Mary,2026,157,2026-07-28,Ciencia Ficción / Aventura,Phil Lord & Christopher Miller,Amazon Prime,Película,9.0,Ciencia Ficción,Repetida,Streaming,7,9–10
28 Years Later: The Bone Temple,2026,109,2026-07-30,Terror / Acción,Nia DaCosta,Cine,Película,7.5,Terror,Repetida,Cine,7,"7,5–8,5"
Remember the Titans,2000,113,2026-08-02,Deporte / Drama,Boaz Yakin,Disney+,Película,7.5,Deporte,Primera vez,Streaming,8,"7,5–8,5"
Hot Fuzz,2007,121,2026-08-04,Comedia / Acción,Edgar Wright,Amazon Prime,Película,8.0,Comedia,Repetida,Streaming,8,"7,5–8,5"
Atlantis,2001,95,2026-08-05,Infantil / Aventura,Kirk Wise,Disney+,Película,8.5,Infantil,Primera vez,Streaming,8,"7,5–8,5"
Dream Scenario,2023,102,2026-08-05,Terror / Comedia,Kristoffer Borgli,Amazon Prime,Película,6.0,Terror,Primera vez,Streaming,8,"5,5–7"
The Whisper man,2026,114,2026-08-06,Thriller / Suspenso,James Ashcroft,Netflix,Película,7.5,Thriller,Primera vez,Streaming,8,"7,5–8,5"
The Mandalorian and Grogu,2026,132,2026-08-07,Ciencia Ficción / Fantasía,Jon Favreau,Cine,Película,9.0,Ciencia Ficción,Repetida,Cine,8,9–10
Good Time,2017,111,2026-08-08,Suspenso / Crimen,Ben Safdie,Amazon Prime,Película,7.5,Suspenso,Primera vez,Streaming,8,"7,5–8,5"
Spiderman: Brand New Day,2026,150,2026-08-09,Acción / Aventura,Destin Daniel Cretton,Cine,Película,5.0,Acción,Primera vez,Cine,8,1–5
Avatar,2009,162,2026-08-10,Ciencia Ficción / Acción,James Cameron,Disney+,Película,8.0,Ciencia Ficción,Repetida,Streaming,8,"7,5–8,5"
Super Agente 86,2008,110,2026-08-12,Comedia / Acción,Peter Segal,Netflix,Película,8.5,Comedia,Primera vez,Streaming,8,"7,5–8,5"
Chad Powers Temp 1,2025,210,2026-08-13,Comedia,Tony Yacenda,Disney+,Serie,8.0,Comedia,Primera vez,Streaming,8,"7,5–8,5"
Chad Powers Temp 2,2026,200,2026-08-14,Comedia,Tony Yacenda,Disney+,Serie,8.0,Comedia,Primera vez,Streaming,8,"7,5–8,5"
WALL-E,2008,98,2026-08-17,Infantil / Ciencia Ficción,Andrew Stanton,Disney+,Película,7.0,Infantil,Primera vez,Streaming,8,"5,5–7"
Normal,2025,90,2026-08-20,Crimen / Acción,Ben Wheatley,Stremio,Película,8.5,Crimen,Primera vez,Streaming,8,"7,5–8,5"
Cartas desde Iwo Jima,2006,141,2026-08-29,Bélico / Drama,Clint Eastwood,Netflix,Película,8.0,Bélico,Primera vez,Streaming,8,"7,5–8,5"
Armageddon,1998,151,2026-08-30,Ciencia Ficción / Acción,Michael Bay,Disney+,Película,6.0,Ciencia Ficción,Primera vez,Streaming,8,"5,5–7"
Star Wars IV: A New Hope,1979,121,2026-09-23,Ciencia Ficción / Acción,George Lucas,Disney+,Película,8.0,Ciencia Ficción,Primera vez,Streaming,9,"7,5–8,5"
The Last Samurai,2003,154,2026-09-27,Acción / Bélico,Edward Zwick,Netflix,Película,8.5,Acción,Primera vez,Streaming,9,"7,5–8,5"
