Plataforma,Género,Nota,Título
Amazon Prime,Crimen,"3 · Media (5,5–7)",After the Hunt
Amazon Prime,Comedia,"2 · Alta (7,5–8,5)",Youth
Netflix,Drama,4 · Baja (1–5),Fue la mano de Dios
Amazon Prime,Suspenso,"2 · Alta (7,5–8,5)",Eden
Amazon Prime,Suspenso,4 · Baja (1–5),El código Da Vinci
Amazon Prime,Otros,"2 · Alta (7,5–8,5)",The Notebook
Amazon Prime,Infantil,4 · Baja (1–5),A River Runs Through It
Cine,Terror,"2 · Alta (7,5–8,5)",28 Years Later: The Bone Temple
Disney+,Ciencia Ficción,"2 · Alta (7,5–8,5)",Avatar
Stremio,Otros,"2 · Alta (7,5–8,5)",Parthenope
Netflix,Acción,"3 · Media (5,5–7)",Novocaine
Cine,Deporte,"2 · Alta (7,5–8,5)",Marty Supreme
Netflix,Crimen,"3 · Media (5,5–7)",Botín
Netflix,Suspenso,"3 · Media (5,5–7)",Wake Up Dead Man: A Knives Out Mystery
Netflix,Suspenso,"3 · Media (5,5–7)",Babel
Disney+,Comedia,"2 · Alta (7,5–8,5)",Los Simpson: la película
Disney+,Comedia,"3 · Media (5,5–7)",Why Him?
Netflix,Deporte,"3 · Media (5,5–7)",Moneyball
Disney+,Comedia,"2 · Alta (7,5–8,5)",Date Night
Disney+,Crimen,"3 · Media (5,5–7)",The King of Comedy
Netflix,Acción,"2 · Alta (7,5–8,5)",Troya
Netflix,Otros,"2 · Alta (7,5–8,5)",Dinosaurios
Stremio,Comedia,"3 · Media (5,5–7)",Ted
Amazon Prime,Terror,"3 · Media (5,5–7)",The Lighthouse
Cine,Drama,"2 · Alta (7,5–8,5)",Hamnet
Netflix,Acción,"3 · Media (5,5–7)",War Machine
Disney+,Terror,"3 · Media (5,5–7)",Dark Shadows
Cine,Ciencia Ficción,1 · Excelente (9–10),Project Hail Mary
Cine,Acción,1 · Excelente (9–10),Avatar 3
Disney+,Otros,"2 · Alta (7,5–8,5)",Pam & Tommy
Disney+,Acción,"3 · Media (5,5–7)",Darth Maul
Amazon Prime,Suspenso,1 · Excelente (9–10),American Gangster
Amazon Prime,Comedia,"3 · Media (5,5–7)",Balls Up
Amazon Prime,Acción,"2 · Alta (7,5–8,5)",Invencible (T4)
Disney+,Acción,"2 · Alta (7,5–8,5)",Deadpool y Wolverine
Disney+,Comedia,"3 · Media (5,5–7)",El Encargado (T4)
Stremio,Drama,"2 · Alta (7,5–8,5)",Nuremberg
Stremio,Otros,"3 · Media (5,5–7)",Diarios de motocicleta
Cine,Acción,"3 · Media (5,5–7)",Mortal Kombat 2
Stremio,Acción,"2 · Alta (7,5–8,5)",Al filo del mañana
Cine,Acción,1 · Excelente (9–10),Top Gun: Maverick
Amazon Prime,Ciencia Ficción,4 · Baja (1–5),The Life of Chuck
Crunchyroll,Otros,1 · Excelente (9–10),Attack on Titan
Amazon Prime,Acción,"3 · Media (5,5–7)",Spiderman Black Noir
Cine,Terror,4 · Baja (1–5),Scary Movie
Crunchyroll,Otros,1 · Excelente (9–10),Attack on Titan: The Last Attack
Amazon Prime,Ciencia Ficción,"3 · Media (5,5–7)",The Martian
Netflix,Suspenso,"3 · Media (5,5–7)",No Country for Old Men
Amazon Prime,Comedia,1 · Excelente (9–10),Hot Fuzz
Stremio,Terror,"2 · Alta (7,5–8,5)",Shaun of the Dead
Stremio,Terror,"3 · Media (5,5–7)",Obsession
Cine,Acción,"3 · Media (5,5–7)",The Odyssey
Amazon Prime,Ciencia Ficción,4 · Baja (1–5),Blade Runner
Netflix,Comedia,"3 · Media (5,5–7)",México 1986
Netflix,Comedia,"3 · Media (5,5–7)",Little Brother
Stremio,Terror,"3 · Media (5,5–7)",Him
Stremio,Otros,"2 · Alta (7,5–8,5)",Pressure
Cine,Ciencia Ficción,1 · Excelente (9–10),The Mandalorian and Grogu
Netflix,Otros,1 · Excelente (9–10),Untold UK: Vinnie Jones
Amazon Prime,Ciencia Ficción,1 · Excelente (9–10),Project Hail Mary
Cine,Terror,"2 · Alta (7,5–8,5)",28 Years Later: The Bone Temple
Disney+,Deporte,"2 · Alta (7,5–8,5)",Remember the Titans
Amazon Prime,Comedia,"2 · Alta (7,5–8,5)",Hot Fuzz
Disney+,Infantil,"2 · Alta (7,5–8,5)",Atlantis
Amazon Prime,Terror,"3 · Media (5,5–7)",Dream Scenario
Netflix,Suspenso,"2 · Alta (7,5–8,5)",The Whisper man
Cine,Ciencia Ficción,1 · Excelente (9–10),The Mandalorian and Grogu
Amazon Prime,Suspenso,"2 · Alta (7,5–8,5)",Good Time
Cine,Acción,4 · Baja (1–5),Spiderman: Brand New Day
Disney+,Ciencia Ficción,"2 · Alta (7,5–8,5)",Avatar
Netflix,Comedia,"2 · Alta (7,5–8,5)",Super Agente 86
Disney+,Comedia,"2 · Alta (7,5–8,5)",Chad Powers Temp 1
Disney+,Comedia,"2 · Alta (7,5–8,5)",Chad Powers Temp 2
Disney+,Infantil,"3 · Media (5,5–7)",WALL-E
Stremio,Crimen,"2 · Alta (7,5–8,5)",Normal
Netflix,Otros,"2 · Alta (7,5–8,5)",Cartas desde Iwo Jima
Disney+,Ciencia Ficción,"3 · Media (5,5–7)",Armageddon
Disney+,Ciencia Ficción,"2 · Alta (7,5–8,5)",Star Wars IV: A New Hope
Netflix,Acción,"2 · Alta (7,5–8,5)",The Last Samurai
