Título,Fecha,Plataforma,Canal,Tipo,Género principal,Géneros,Año de estreno,Duración (min),Mi calificación,Vista
After the Hunt,2026-01-01,Amazon Prime,Streaming,Película,Crimen,Crimen / Drama,2025,139,6.5,Primera vez
Youth,2026-01-21,Amazon Prime,Streaming,Película,Comedia,Comedia / Musical,2015,124,7.5,Primera vez
Fue la mano de Dios,2026-01-21,Netflix,Streaming,Película,Drama,Drama,2021,130,5.0,Primera vez
Eden,2026-01-31,Amazon Prime,Streaming,Película,Suspenso,Suspenso / Supervivencia,2024,129,8.5,Primera vez
El código Da Vinci,2026-02-01,Amazon Prime,Streaming,Película,Misterio,Misterio / Suspenso,2006,149,2.0,Primera vez
The Notebook,2026-02-01,Amazon Prime,Streaming,Película,Romance,Romance / Drama,2004,121,7.5,Primera vez
A River Runs Through It,2026-02-02,Amazon Prime,Streaming,Película,Infantil,Infantil / Drama,1992,123,3.0,Primera vez
28 Years Later: The Bone Temple,2026-02-03,Cine,Cine,Película,Terror,Terror,2026,110,8.0,Primera vez
Avatar,2026-02-07,Disney+,Streaming,Película,Ciencia Ficción,Ciencia Ficción / Acción,2009,152,8.0,Primera vez
Parthenope,2026-02-08,Stremio,Streaming,Película,Ficción,Ficción / Drama,2024,136,8.5,Primera vez
Novocaine,2026-02-13,Netflix,Streaming,Película,Acción,Acción / Suspenso,2025,110,6.5,Primera vez
Marty Supreme,2026-02-13,Cine,Cine,Película,Deporte,Deporte / Drama,2025,149,7.5,Primera vez
Botín,2026-02-15,Netflix,Streaming,Película,Crimen,Crimen / Suspenso,2026,112,6.5,Primera vez
Wake Up Dead Man: A Knives Out Mystery,2026-02-18,Netflix,Streaming,Película,Misterio,Misterio / Crimen,2025,142,7.0,Primera vez
Babel,2026-02-21,Netflix,Streaming,Película,Suspenso,Suspenso / Drama,2006,143,5.5,Primera vez
Los Simpson: la película,2026-03-01,Disney+,Streaming,Película,Comedia,Comedia,2007,87,7.5,Primera vez
Why Him?,2026-03-02,Disney+,Streaming,Película,Comedia,Comedia,2016,111,6.0,Primera vez
Moneyball,2026-03-03,Netflix,Streaming,Película,Deporte,Deporte / Drama,2011,133,6.5,Primera vez
Date Night,2026-03-06,Disney+,Streaming,Película,Comedia,Comedia / Acción,2010,88,7.5,Primera vez
The King of Comedy,2026-03-07,Disney+,Streaming,Película,Crimen,Crimen / Suspenso,1982,102,6.5,Primera vez
Troya,2026-03-08,Netflix,Streaming,Película,Acción,Acción / Bélico,2004,163,8.0,Primera vez
Dinosaurios,2026-03-11,Netflix,Streaming,Película,Documental,Documental,2026,200,7.5,Primera vez
Ted,2026-03-16,Stremio,Streaming,Serie,Comedia,Comedia,2026,547,6.0,Primera vez
The Lighthouse,2026-03-18,Amazon Prime,Streaming,Película,Terror,Terror / Fantasía,2019,110,6.5,Primera vez
Hamnet,2026-03-20,Cine,Cine,Película,Drama,Drama,2025,125,8.0,Primera vez
War Machine,2026-03-21,Netflix,Streaming,Película,Acción,Acción / Ciencia Ficción,2026,107,7.0,Primera vez
Dark Shadows,2026-03-22,Disney+,Streaming,Película,Terror,Terror / Comedia,2012,114,6.5,Primera vez
Project Hail Mary,2026-03-30,Cine,Cine,Película,Ciencia Ficción,Ciencia Ficción / Aventura,2026,157,9.0,Primera vez
Avatar 3,2026-04-03,Cine,Cine,Película,Acción,Acción / Fantasía,2025,197,9.0,Primera vez
Pam & Tommy,2026-04-05,Disney+,Streaming,Serie,Biopic,Biopic,2022,340,7.5,Primera vez
Darth Maul,2026-04-15,Disney+,Streaming,Serie,Acción,Acción,2026,300,7.0,Primera vez
American Gangster,2026-04-20,Amazon Prime,Streaming,Película,Suspenso,Suspenso / Acción,2007,157,9.0,Primera vez
Balls Up,2026-04-21,Amazon Prime,Streaming,Película,Comedia,Comedia / Acción,2026,104,6.0,Primera vez
Invencible (T4),2026-04-22,Amazon Prime,Streaming,Serie,Acción,Acción,2026,397,7.5,Primera vez
Deadpool y Wolverine,2026-04-29,Disney+,Streaming,Película,Acción,Acción / Comedia,2024,128,8.0,Primera vez
El Encargado (T4),2026-05-02,Disney+,Streaming,Serie,Comedia,Comedia,2025,259,6.5,Primera vez
Nuremberg,2026-05-04,Stremio,Streaming,Película,Drama,Drama,2025,149,8.0,Primera vez
Diarios de motocicleta,2026-05-05,Stremio,Streaming,Película,Aventura,Aventura / Documental,2004,126,7.0,Primera vez
Mortal Kombat 2,2026-05-07,Cine,Cine,Película,Acción,Acción / Aventura,2026,116,7.0,Primera vez
Al filo del mañana,2026-05-08,Stremio,Streaming,Película,Acción,Acción / Ciencia Ficción,2014,113,8.0,Primera vez
Top Gun: Maverick,2026-05-12,Cine,Cine,Película,Acción,Acción / Aventura,2022,131,9.0,Primera vez
The Life of Chuck,2026-05-15,Amazon Prime,Streaming,Película,Ciencia Ficción,Ciencia Ficción / Fantasía,2024,111,5.0,Primera vez
Attack on Titan,2026-05-16,Crunchyroll,Streaming,Serie,Anime,Anime,2024,2234,10.0,Primera vez
Spiderman Black Noir,2026-05-19,Amazon Prime,Streaming,Serie,Acción,Acción,2026,349,5.5,Primera vez
Scary Movie,2026-05-22,Cine,Cine,Película,Terror,Terror / Comedia,2026,96,1.0,Primera vez
Attack on Titan: The Last Attack,2026-05-24,Crunchyroll,Streaming,Película,Anime,Anime / Drama,2024,145,10.0,Primera vez
The Martian,2026-05-30,Amazon Prime,Streaming,Película,Ciencia Ficción,Ciencia Ficción / Aventura,2015,151,7.0,Primera vez
No Country for Old Men,2026-07-02,Netflix,Streaming,Película,Suspenso,Suspenso / Western,2007,122,7.0,Primera vez
Hot Fuzz,2026-07-03,Amazon Prime,Streaming,Película,Comedia,Comedia / Acción,2007,121,10.0,Primera vez
Shaun of the Dead,2026-07-04,Stremio,Streaming,Película,Terror,Terror / Comedia,2004,99,7.5,Primera vez
Obsession,2026-07-06,Stremio,Streaming,Película,Terror,Terror,2026,109,7.0,Primera vez
The Odyssey,2026-07-10,Cine,Cine,Película,Acción,Acción / Fantasía,2026,172,6.0,Primera vez
Blade Runner,2026-07-11,Amazon Prime,Streaming,Película,Ciencia Ficción,Ciencia Ficción / Acción,1982,117,5.0,Primera vez
México 1986,2026-07-13,Netflix,Streaming,Película,Comedia,Comedia,2026,95,7.0,Primera vez
Little Brother,2026-07-14,Netflix,Streaming,Película,Comedia,Comedia,2026,100,7.0,Primera vez
Him,2026-07-16,Stremio,Streaming,Película,Terror,Terror / Drama,2025,96,7.0,Primera vez
Pressure,2026-07-18,Stremio,Streaming,Película,Bélico,Bélico / Drama,2026,100,8.0,Primera vez
The Mandalorian and Grogu,2026-07-22,Cine,Cine,Película,Ciencia Ficción,Ciencia Ficción / Fantasía,2026,132,9.0,Primera vez
Untold UK: Vinnie Jones,2026-07-25,Netflix,Streaming,Película,Documental,Documental / Deporte,2026,77,9.0,Primera vez
Project Hail Mary,2026-07-28,Amazon Prime,Streaming,Película,Ciencia Ficción,Ciencia Ficción / Aventura,2026,157,9.0,Repetida
28 Years Later: The Bone Temple,2026-07-30,Cine,Cine,Película,Terror,Terror / Acción,2026,109,7.5,Repetida
Remember the Titans,2026-08-02,Disney+,Streaming,Película,Deporte,Deporte / Drama,2000,113,7.5,Primera vez
Hot Fuzz,2026-08-04,Amazon Prime,Streaming,Película,Comedia,Comedia / Acción,2007,121,8.0,Repetida
Atlantis,2026-08-05,Disney+,Streaming,Película,Infantil,Infantil / Aventura,2001,95,8.5,Primera vez
Dream Scenario,2026-08-05,Amazon Prime,Streaming,Película,Terror,Terror / Comedia,2023,102,6.0,Primera vez
The Whisper man,2026-08-06,Netflix,Streaming,Película,Thriller,Thriller / Suspenso,2026,114,7.5,Primera vez
The Mandalorian and Grogu,2026-08-07,Cine,Cine,Película,Ciencia Ficción,Ciencia Ficción / Fantasía,2026,132,9.0,Repetida
Good Time,2026-08-08,Amazon Prime,Streaming,Película,Suspenso,Suspenso / Crimen,2017,111,7.5,Primera vez
Spiderman: Brand New Day,2026-08-09,Cine,Cine,Película,Acción,Acción / Aventura,2026,150,5.0,Primera vez
Avatar,2026-08-10,Disney+,Streaming,Película,Ciencia Ficción,Ciencia Ficción / Acción,2009,162,8.0,Repetida
Super Agente 86,2026-08-12,Netflix,Streaming,Película,Comedia,Comedia / Acción,2008,110,8.5,Primera vez
Chad Powers Temp 1,2026-08-13,Disney+,Streaming,Serie,Comedia,Comedia,2025,210,8.0,Primera vez
Chad Powers Temp 2,2026-08-14,Disney+,Streaming,Serie,Comedia,Comedia,2026,200,8.0,Primera vez
WALL-E,2026-08-17,Disney+,Streaming,Película,Infantil,Infantil / Ciencia Ficción,2008,98,7.0,Primera vez
Normal,2026-08-20,Stremio,Streaming,Película,Crimen,Crimen / Acción,2025,90,8.5,Primera vez
Cartas desde Iwo Jima,2026-08-29,Netflix,Streaming,Película,Bélico,Bélico / Drama,2006,141,8.0,Primera vez
Armageddon,2026-08-30,Disney+,Streaming,Película,Ciencia Ficción,Ciencia Ficción / Acción,1998,151,6.0,Primera vez
Star Wars IV: A New Hope,2026-09-23,Disney+,Streaming,Película,Ciencia Ficción,Ciencia Ficción / Acción,1979,121,8.0,Primera vez
The Last Samurai,2026-09-27,Netflix,Streaming,Película,Acción,Acción / Bélico,2003,154,8.5,Primera vez
